-- phpMyAdmin SQL Dump
-- version 4.8.3
-- https://www.phpmyadmin.net/
--
-- Host: 127.0.0.1
-- Generation Time: Sep 18, 2020 at 07:45 PM
-- Server version: 10.1.37-MariaDB
-- PHP Version: 7.4.9

SET SQL_MODE = "NO_AUTO_VALUE_ON_ZERO";
SET AUTOCOMMIT = 0;
START TRANSACTION;
SET time_zone = "+00:00";


/*!40101 SET @OLD_CHARACTER_SET_CLIENT=@@CHARACTER_SET_CLIENT */;
/*!40101 SET @OLD_CHARACTER_SET_RESULTS=@@CHARACTER_SET_RESULTS */;
/*!40101 SET @OLD_COLLATION_CONNECTION=@@COLLATION_CONNECTION */;
/*!40101 SET NAMES utf8mb4 */;

--
-- Database: `recruit`
--

-- --------------------------------------------------------

--
-- Table structure for table `applicant_notes`
--

CREATE TABLE `applicant_notes` (
  `id` int(10) UNSIGNED NOT NULL,
  `user_id` int(10) UNSIGNED NOT NULL,
  `job_application_id` int(10) UNSIGNED NOT NULL,
  `note_text` text COLLATE utf8mb4_unicode_ci NOT NULL,
  `created_at` timestamp NULL DEFAULT NULL,
  `updated_at` timestamp NULL DEFAULT NULL
) ENGINE=InnoDB DEFAULT CHARSET=utf8mb4 COLLATE=utf8mb4_unicode_ci;

-- --------------------------------------------------------

--
-- Table structure for table `application_settings`
--

CREATE TABLE `application_settings` (
  `id` bigint(20) UNSIGNED NOT NULL,
  `legal_term` longtext COLLATE utf8mb4_unicode_ci,
  `mail_setting` text COLLATE utf8mb4_unicode_ci NOT NULL,
  `created_at` timestamp NULL DEFAULT NULL,
  `updated_at` timestamp NULL DEFAULT NULL
) ENGINE=InnoDB DEFAULT CHARSET=utf8mb4 COLLATE=utf8mb4_unicode_ci;

--
-- Dumping data for table `application_settings`
--

INSERT INTO `application_settings` (`id`, `legal_term`, `mail_setting`, `created_at`, `updated_at`) VALUES
(1, 'Here is legal term<br>', '{\"1\":{\"name\":\"applied\",\"status\":true},\"2\":{\"name\":\"phone screen\",\"status\":true},\"3\":{\"name\":\"interview\",\"status\":true},\"4\":{\"name\":\"hired\",\"status\":true},\"5\":{\"name\":\"rejected\",\"status\":true}}', '2020-09-18 14:00:27', '2020-09-18 14:48:13');

-- --------------------------------------------------------

--
-- Table structure for table `application_status`
--

CREATE TABLE `application_status` (
  `id` int(10) UNSIGNED NOT NULL,
  `status` varchar(191) COLLATE utf8mb4_unicode_ci NOT NULL,
  `position` smallint(6) DEFAULT NULL,
  `color` varchar(12) COLLATE utf8mb4_unicode_ci DEFAULT NULL,
  `created_at` timestamp NULL DEFAULT NULL,
  `updated_at` timestamp NULL DEFAULT NULL
) ENGINE=InnoDB DEFAULT CHARSET=utf8mb4 COLLATE=utf8mb4_unicode_ci;

--
-- Dumping data for table `application_status`
--

INSERT INTO `application_status` (`id`, `status`, `position`, `color`, `created_at`, `updated_at`) VALUES
(1, 'applied', 1, '#2b2b2b', NULL, '2020-09-18 14:00:31'),
(2, 'phone screen', 2, '#f1e52e', NULL, '2020-09-18 14:00:31'),
(3, 'interview', 3, '#3d8ee8', NULL, '2020-09-18 14:00:31'),
(4, 'hired', 4, '#32ac16', NULL, '2020-09-18 14:00:31'),
(5, 'rejected', 5, '#ee1127', NULL, '2020-09-18 14:00:31');

-- --------------------------------------------------------

--
-- Table structure for table `companies`
--

CREATE TABLE `companies` (
  `id` int(10) UNSIGNED NOT NULL,
  `company_name` varchar(191) COLLATE utf8mb4_unicode_ci NOT NULL,
  `company_email` varchar(191) COLLATE utf8mb4_unicode_ci NOT NULL,
  `company_phone` varchar(191) COLLATE utf8mb4_unicode_ci DEFAULT NULL,
  `logo` varchar(191) COLLATE utf8mb4_unicode_ci DEFAULT NULL,
  `address` varchar(191) COLLATE utf8mb4_unicode_ci DEFAULT NULL,
  `website` varchar(191) COLLATE utf8mb4_unicode_ci DEFAULT NULL,
  `status` enum('active','inactive') COLLATE utf8mb4_unicode_ci NOT NULL DEFAULT 'active',
  `show_in_frontend` enum('true','false') COLLATE utf8mb4_unicode_ci NOT NULL DEFAULT 'true',
  `created_at` timestamp NULL DEFAULT NULL,
  `updated_at` timestamp NULL DEFAULT NULL,
  `linkedin` enum('enable','disable') COLLATE utf8mb4_unicode_ci NOT NULL DEFAULT 'disable'
) ENGINE=InnoDB DEFAULT CHARSET=utf8mb4 COLLATE=utf8mb4_unicode_ci;

--
-- Dumping data for table `companies`
--

INSERT INTO `companies` (`id`, `company_name`, `company_email`, `company_phone`, `logo`, `address`, `website`, `status`, `show_in_frontend`, `created_at`, `updated_at`, `linkedin`) VALUES
(1, 'LiveDesk', 'omar@getvoo.com', '1234512345', NULL, 'Cairo Egypt', 'omar.net', 'active', 'false', '2020-09-18 14:00:01', '2020-09-18 15:01:11', 'disable');

-- --------------------------------------------------------

--
-- Table structure for table `company_settings`
--

CREATE TABLE `company_settings` (
  `id` int(10) UNSIGNED NOT NULL,
  `company_name` varchar(191) COLLATE utf8mb4_unicode_ci NOT NULL,
  `company_email` varchar(191) COLLATE utf8mb4_unicode_ci NOT NULL,
  `company_phone` varchar(191) COLLATE utf8mb4_unicode_ci NOT NULL,
  `logo` varchar(191) COLLATE utf8mb4_unicode_ci DEFAULT NULL,
  `address` text COLLATE utf8mb4_unicode_ci NOT NULL,
  `website` varchar(191) COLLATE utf8mb4_unicode_ci NOT NULL,
  `timezone` varchar(191) COLLATE utf8mb4_unicode_ci NOT NULL,
  `locale` varchar(191) COLLATE utf8mb4_unicode_ci NOT NULL,
  `latitude` decimal(10,8) NOT NULL,
  `longitude` decimal(11,8) NOT NULL,
  `created_at` timestamp NULL DEFAULT NULL,
  `updated_at` timestamp NULL DEFAULT NULL,
  `purchase_code` varchar(100) COLLATE utf8mb4_unicode_ci DEFAULT NULL,
  `supported_until` timestamp NULL DEFAULT NULL,
  `system_update` tinyint(1) NOT NULL DEFAULT '1',
  `show_review_modal` tinyint(1) NOT NULL DEFAULT '1'
) ENGINE=InnoDB DEFAULT CHARSET=utf8mb4 COLLATE=utf8mb4_unicode_ci;

--
-- Dumping data for table `company_settings`
--

INSERT INTO `company_settings` (`id`, `company_name`, `company_email`, `company_phone`, `logo`, `address`, `website`, `timezone`, `locale`, `latitude`, `longitude`, `created_at`, `updated_at`, `purchase_code`, `supported_until`, `system_update`, `show_review_modal`) VALUES
(1, 'Live Desk', 'livedesk@livedesk.com', '1234512345', '84fc793ed70d19014ff7e1e8b6f28487.jpg', 'LiveDesk', 'http://127.0.0.1:8000/', 'Africa/Cairo', 'en', '26.91243360', '75.78727090', NULL, '2020-09-18 14:05:35', NULL, NULL, 1, 1);

-- --------------------------------------------------------

--
-- Table structure for table `countries`
--

CREATE TABLE `countries` (
  `id` int(10) UNSIGNED NOT NULL,
  `country_code` varchar(5) COLLATE utf8mb4_unicode_ci NOT NULL,
  `country_name` varchar(191) COLLATE utf8mb4_unicode_ci NOT NULL
) ENGINE=InnoDB DEFAULT CHARSET=utf8mb4 COLLATE=utf8mb4_unicode_ci;

--
-- Dumping data for table `countries`
--

INSERT INTO `countries` (`id`, `country_code`, `country_name`) VALUES
(1, 'AF', 'Afghanistan'),
(2, 'AL', 'Albania'),
(3, 'DZ', 'Algeria'),
(4, 'DS', 'American Samoa'),
(5, 'AD', 'Andorra'),
(6, 'AO', 'Angola'),
(7, 'AI', 'Anguilla'),
(8, 'AQ', 'Antarctica'),
(9, 'AG', 'Antigua and Barbuda'),
(10, 'AR', 'Argentina'),
(11, 'AM', 'Armenia'),
(12, 'AW', 'Aruba'),
(13, 'AU', 'Australia'),
(14, 'AT', 'Austria'),
(15, 'AZ', 'Azerbaijan'),
(16, 'BS', 'Bahamas'),
(17, 'BH', 'Bahrain'),
(18, 'BD', 'Bangladesh'),
(19, 'BB', 'Barbados'),
(20, 'BY', 'Belarus'),
(21, 'BE', 'Belgium'),
(22, 'BZ', 'Belize'),
(23, 'BJ', 'Benin'),
(24, 'BM', 'Bermuda'),
(25, 'BT', 'Bhutan'),
(26, 'BO', 'Bolivia'),
(27, 'BA', 'Bosnia and Herzegovina'),
(28, 'BW', 'Botswana'),
(29, 'BV', 'Bouvet Island'),
(30, 'BR', 'Brazil'),
(31, 'IO', 'British Indian Ocean Territory'),
(32, 'BN', 'Brunei Darussalam'),
(33, 'BG', 'Bulgaria'),
(34, 'BF', 'Burkina Faso'),
(35, 'BI', 'Burundi'),
(36, 'KH', 'Cambodia'),
(37, 'CM', 'Cameroon'),
(38, 'CA', 'Canada'),
(39, 'CV', 'Cape Verde'),
(40, 'KY', 'Cayman Islands'),
(41, 'CF', 'Central African Republic'),
(42, 'TD', 'Chad'),
(43, 'CL', 'Chile'),
(44, 'CN', 'China'),
(45, 'CX', 'Christmas Island'),
(46, 'CC', 'Cocos (Keeling) Islands'),
(47, 'CO', 'Colombia'),
(48, 'KM', 'Comoros'),
(49, 'CG', 'Congo'),
(50, 'CK', 'Cook Islands'),
(51, 'CR', 'Costa Rica'),
(52, 'HR', 'Croatia (Hrvatska)'),
(53, 'CU', 'Cuba'),
(54, 'CY', 'Cyprus'),
(55, 'CZ', 'Czech Republic'),
(56, 'DK', 'Denmark'),
(57, 'DJ', 'Djibouti'),
(58, 'DM', 'Dominica'),
(59, 'DO', 'Dominican Republic'),
(60, 'TP', 'East Timor'),
(61, 'EC', 'Ecuador'),
(62, 'EG', 'Egypt'),
(63, 'SV', 'El Salvador'),
(64, 'GQ', 'Equatorial Guinea'),
(65, 'ER', 'Eritrea'),
(66, 'EE', 'Estonia'),
(67, 'ET', 'Ethiopia'),
(68, 'FK', 'Falkland Islands (Malvinas)'),
(69, 'FO', 'Faroe Islands'),
(70, 'FJ', 'Fiji'),
(71, 'FI', 'Finland'),
(72, 'FR', 'France'),
(73, 'FX', 'France, Metropolitan'),
(74, 'GF', 'French Guiana'),
(75, 'PF', 'French Polynesia'),
(76, 'TF', 'French Southern Territories'),
(77, 'GA', 'Gabon'),
(78, 'GM', 'Gambia'),
(79, 'GE', 'Georgia'),
(80, 'DE', 'Germany'),
(81, 'GH', 'Ghana'),
(82, 'GI', 'Gibraltar'),
(83, 'GK', 'Guernsey'),
(84, 'GR', 'Greece'),
(85, 'GL', 'Greenland'),
(86, 'GD', 'Grenada'),
(87, 'GP', 'Guadeloupe'),
(88, 'GU', 'Guam'),
(89, 'GT', 'Guatemala'),
(90, 'GN', 'Guinea'),
(91, 'GW', 'Guinea-Bissau'),
(92, 'GY', 'Guyana'),
(93, 'HT', 'Haiti'),
(94, 'HM', 'Heard and Mc Donald Islands'),
(95, 'HN', 'Honduras'),
(96, 'HK', 'Hong Kong'),
(97, 'HU', 'Hungary'),
(98, 'IS', 'Iceland'),
(99, 'IN', 'India'),
(100, 'IM', 'Isle of Man'),
(101, 'ID', 'Indonesia'),
(102, 'IR', 'Iran (Islamic Republic of)'),
(103, 'IQ', 'Iraq'),
(104, 'IE', 'Ireland'),
(105, 'IL', 'Israel'),
(106, 'IT', 'Italy'),
(107, 'CI', 'Ivory Coast'),
(108, 'JE', 'Jersey'),
(109, 'JM', 'Jamaica'),
(110, 'JP', 'Japan'),
(111, 'JO', 'Jordan'),
(112, 'KZ', 'Kazakhstan'),
(113, 'KE', 'Kenya'),
(114, 'KI', 'Kiribati'),
(115, 'KP', 'Korea, Democratic People\'s Republic of'),
(116, 'KR', 'Korea, Republic of'),
(117, 'XK', 'Kosovo'),
(118, 'KW', 'Kuwait'),
(119, 'KG', 'Kyrgyzstan'),
(120, 'LA', 'Lao People\'s Democratic Republic'),
(121, 'LV', 'Latvia'),
(122, 'LB', 'Lebanon'),
(123, 'LS', 'Lesotho'),
(124, 'LR', 'Liberia'),
(125, 'LY', 'Libyan Arab Jamahiriya'),
(126, 'LI', 'Liechtenstein'),
(127, 'LT', 'Lithuania'),
(128, 'LU', 'Luxembourg'),
(129, 'MO', 'Macau'),
(130, 'MK', 'Macedonia'),
(131, 'MG', 'Madagascar'),
(132, 'MW', 'Malawi'),
(133, 'MY', 'Malaysia'),
(134, 'MV', 'Maldives'),
(135, 'ML', 'Mali'),
(136, 'MT', 'Malta'),
(137, 'MH', 'Marshall Islands'),
(138, 'MQ', 'Martinique'),
(139, 'MR', 'Mauritania'),
(140, 'MU', 'Mauritius'),
(141, 'TY', 'Mayotte'),
(142, 'MX', 'Mexico'),
(143, 'FM', 'Micronesia, Federated States of'),
(144, 'MD', 'Moldova, Republic of'),
(145, 'MC', 'Monaco'),
(146, 'MN', 'Mongolia'),
(147, 'ME', 'Montenegro'),
(148, 'MS', 'Montserrat'),
(149, 'MA', 'Morocco'),
(150, 'MZ', 'Mozambique'),
(151, 'MM', 'Myanmar'),
(152, 'NA', 'Namibia'),
(153, 'NR', 'Nauru'),
(154, 'NP', 'Nepal'),
(155, 'NL', 'Netherlands'),
(156, 'AN', 'Netherlands Antilles'),
(157, 'NC', 'New Caledonia'),
(158, 'NZ', 'New Zealand'),
(159, 'NI', 'Nicaragua'),
(160, 'NE', 'Niger'),
(161, 'NG', 'Nigeria'),
(162, 'NU', 'Niue'),
(163, 'NF', 'Norfolk Island'),
(164, 'MP', 'Northern Mariana Islands'),
(165, 'NO', 'Norway'),
(166, 'OM', 'Oman'),
(167, 'PK', 'Pakistan'),
(168, 'PW', 'Palau'),
(169, 'PS', 'Palestine'),
(170, 'PA', 'Panama'),
(171, 'PG', 'Papua New Guinea'),
(172, 'PY', 'Paraguay'),
(173, 'PE', 'Peru'),
(174, 'PH', 'Philippines'),
(175, 'PN', 'Pitcairn'),
(176, 'PL', 'Poland'),
(177, 'PT', 'Portugal'),
(178, 'PR', 'Puerto Rico'),
(179, 'QA', 'Qatar'),
(180, 'RE', 'Reunion'),
(181, 'RO', 'Romania'),
(182, 'RU', 'Russian Federation'),
(183, 'RW', 'Rwanda'),
(184, 'KN', 'Saint Kitts and Nevis'),
(185, 'LC', 'Saint Lucia'),
(186, 'VC', 'Saint Vincent and the Grenadines'),
(187, 'WS', 'Samoa'),
(188, 'SM', 'San Marino'),
(189, 'ST', 'Sao Tome and Principe'),
(190, 'SA', 'Saudi Arabia'),
(191, 'SN', 'Senegal'),
(192, 'RS', 'Serbia'),
(193, 'SC', 'Seychelles'),
(194, 'SL', 'Sierra Leone'),
(195, 'SG', 'Singapore'),
(196, 'SK', 'Slovakia'),
(197, 'SI', 'Slovenia'),
(198, 'SB', 'Solomon Islands'),
(199, 'SO', 'Somalia'),
(200, 'ZA', 'South Africa'),
(201, 'GS', 'South Georgia South Sandwich Islands'),
(202, 'ES', 'Spain'),
(203, 'LK', 'Sri Lanka'),
(204, 'SH', 'St. Helena'),
(205, 'PM', 'St. Pierre and Miquelon'),
(206, 'SD', 'Sudan'),
(207, 'SR', 'Suriname'),
(208, 'SJ', 'Svalbard and Jan Mayen Islands'),
(209, 'SZ', 'Swaziland'),
(210, 'SE', 'Sweden'),
(211, 'CH', 'Switzerland'),
(212, 'SY', 'Syrian Arab Republic'),
(213, 'TW', 'Taiwan'),
(214, 'TJ', 'Tajikistan'),
(215, 'TZ', 'Tanzania, United Republic of'),
(216, 'TH', 'Thailand'),
(217, 'TG', 'Togo'),
(218, 'TK', 'Tokelau'),
(219, 'TO', 'Tonga'),
(220, 'TT', 'Trinidad and Tobago'),
(221, 'TN', 'Tunisia'),
(222, 'TR', 'Turkey'),
(223, 'TM', 'Turkmenistan'),
(224, 'TC', 'Turks and Caicos Islands'),
(225, 'TV', 'Tuvalu'),
(226, 'UG', 'Uganda'),
(227, 'UA', 'Ukraine'),
(228, 'AE', 'United Arab Emirates'),
(229, 'GB', 'United Kingdom'),
(230, 'US', 'United States'),
(231, 'UM', 'United States minor outlying islands'),
(232, 'UY', 'Uruguay'),
(233, 'UZ', 'Uzbekistan'),
(234, 'VU', 'Vanuatu'),
(235, 'VA', 'Vatican City State'),
(236, 'VE', 'Venezuela'),
(237, 'VN', 'Vietnam'),
(238, 'VG', 'Virgin Islands (British)'),
(239, 'VI', 'Virgin Islands (U.S.)'),
(240, 'WF', 'Wallis and Futuna Islands'),
(241, 'EH', 'Western Sahara'),
(242, 'YE', 'Yemen'),
(243, 'ZR', 'Zaire'),
(244, 'ZM', 'Zambia'),
(245, 'ZW', 'Zimbabwe');

-- --------------------------------------------------------

--
-- Table structure for table `departments`
--

CREATE TABLE `departments` (
  `id` bigint(20) UNSIGNED NOT NULL,
  `name` varchar(191) COLLATE utf8mb4_unicode_ci NOT NULL,
  `created_at` timestamp NULL DEFAULT NULL,
  `updated_at` timestamp NULL DEFAULT NULL
) ENGINE=InnoDB DEFAULT CHARSET=utf8mb4 COLLATE=utf8mb4_unicode_ci;

-- --------------------------------------------------------

--
-- Table structure for table `designations`
--

CREATE TABLE `designations` (
  `id` bigint(20) UNSIGNED NOT NULL,
  `name` varchar(191) COLLATE utf8mb4_unicode_ci NOT NULL,
  `created_at` timestamp NULL DEFAULT NULL,
  `updated_at` timestamp NULL DEFAULT NULL
) ENGINE=InnoDB DEFAULT CHARSET=utf8mb4 COLLATE=utf8mb4_unicode_ci;

-- --------------------------------------------------------

--
-- Table structure for table `documents`
--

CREATE TABLE `documents` (
  `id` bigint(20) UNSIGNED NOT NULL,
  `documentable_id` int(11) NOT NULL,
  `documentable_type` varchar(191) COLLATE utf8mb4_unicode_ci NOT NULL,
  `name` varchar(100) COLLATE utf8mb4_unicode_ci NOT NULL,
  `hashname` varchar(100) COLLATE utf8mb4_unicode_ci NOT NULL,
  `created_at` timestamp NULL DEFAULT NULL,
  `updated_at` timestamp NULL DEFAULT NULL
) ENGINE=InnoDB DEFAULT CHARSET=utf8mb4 COLLATE=utf8mb4_unicode_ci;

-- --------------------------------------------------------

--
-- Table structure for table `footer_settings`
--

CREATE TABLE `footer_settings` (
  `id` int(10) UNSIGNED NOT NULL,
  `name` varchar(191) COLLATE utf8mb4_unicode_ci NOT NULL,
  `slug` varchar(191) COLLATE utf8mb4_unicode_ci NOT NULL,
  `description` longtext COLLATE utf8mb4_unicode_ci,
  `status` enum('active','inactive') COLLATE utf8mb4_unicode_ci DEFAULT 'active',
  `created_at` timestamp NULL DEFAULT NULL,
  `updated_at` timestamp NULL DEFAULT NULL
) ENGINE=InnoDB DEFAULT CHARSET=utf8mb4 COLLATE=utf8mb4_unicode_ci;

--
-- Dumping data for table `footer_settings`
--

INSERT INTO `footer_settings` (`id`, `name`, `slug`, `description`, `status`, `created_at`, `updated_at`) VALUES
(1, 'About', 'about', 'Lorem Ipsum is simply dummy text of the printing and typesetting industry. Lorem Ipsum has been the industry\'s standard dummy text ever since the 1500s, when an unknown printer took a galley of type and scrambled it to make a type specimen book.', 'active', '2020-09-18 14:00:22', '2020-09-18 14:00:22'),
(2, 'Help', 'help', 'Lorem Ipsum is simply dummy text of the printing and typesetting industry. Lorem Ipsum has been the industry\'s standard dummy text ever since the 1500s, when an unknown printer took a galley of type and scrambled it to make a type specimen book.', 'active', '2020-09-18 14:00:23', '2020-09-18 14:00:23');

-- --------------------------------------------------------

--
-- Table structure for table `interview_schedules`
--

CREATE TABLE `interview_schedules` (
  `id` int(10) UNSIGNED NOT NULL,
  `job_application_id` int(10) UNSIGNED NOT NULL,
  `schedule_date` datetime NOT NULL,
  `status` enum('rejected','hired','pending','canceled') COLLATE utf8mb4_unicode_ci NOT NULL DEFAULT 'pending',
  `user_accept_status` enum('accept','refuse','waiting') COLLATE utf8mb4_unicode_ci NOT NULL DEFAULT 'waiting',
  `created_at` timestamp NULL DEFAULT NULL,
  `updated_at` timestamp NULL DEFAULT NULL
) ENGINE=InnoDB DEFAULT CHARSET=utf8mb4 COLLATE=utf8mb4_unicode_ci;

-- --------------------------------------------------------

--
-- Table structure for table `interview_schedule_comments`
--

CREATE TABLE `interview_schedule_comments` (
  `id` int(10) UNSIGNED NOT NULL,
  `interview_schedule_id` int(10) UNSIGNED NOT NULL,
  `user_id` int(10) UNSIGNED NOT NULL,
  `comment` text COLLATE utf8mb4_unicode_ci,
  `created_at` timestamp NULL DEFAULT NULL,
  `updated_at` timestamp NULL DEFAULT NULL
) ENGINE=InnoDB DEFAULT CHARSET=utf8mb4 COLLATE=utf8mb4_unicode_ci;

-- --------------------------------------------------------

--
-- Table structure for table `interview_schedule_employees`
--

CREATE TABLE `interview_schedule_employees` (
  `id` int(10) UNSIGNED NOT NULL,
  `interview_schedule_id` int(10) UNSIGNED NOT NULL,
  `user_id` int(10) UNSIGNED NOT NULL,
  `user_accept_status` enum('accept','refuse','waiting') COLLATE utf8mb4_unicode_ci NOT NULL DEFAULT 'waiting',
  `created_at` timestamp NULL DEFAULT NULL,
  `updated_at` timestamp NULL DEFAULT NULL
) ENGINE=InnoDB DEFAULT CHARSET=utf8mb4 COLLATE=utf8mb4_unicode_ci;

-- --------------------------------------------------------

--
-- Table structure for table `jobs`
--

CREATE TABLE `jobs` (
  `id` int(10) UNSIGNED NOT NULL,
  `title` text COLLATE utf8mb4_unicode_ci NOT NULL,
  `slug` varchar(191) COLLATE utf8mb4_unicode_ci DEFAULT NULL,
  `company_id` int(10) UNSIGNED DEFAULT NULL,
  `job_description` mediumtext COLLATE utf8mb4_unicode_ci NOT NULL,
  `job_requirement` mediumtext COLLATE utf8mb4_unicode_ci NOT NULL,
  `total_positions` int(11) NOT NULL,
  `location_id` int(10) UNSIGNED DEFAULT NULL,
  `category_id` int(10) UNSIGNED DEFAULT NULL,
  `start_date` datetime NOT NULL,
  `end_date` datetime NOT NULL,
  `status` enum('active','inactive') COLLATE utf8mb4_unicode_ci NOT NULL DEFAULT 'active',
  `required_columns` text COLLATE utf8mb4_unicode_ci NOT NULL,
  `meta_details` text COLLATE utf8mb4_unicode_ci NOT NULL,
  `section_visibility` text COLLATE utf8mb4_unicode_ci NOT NULL,
  `created_at` timestamp NULL DEFAULT NULL,
  `updated_at` timestamp NULL DEFAULT NULL
) ENGINE=InnoDB DEFAULT CHARSET=utf8mb4 COLLATE=utf8mb4_unicode_ci;

-- --------------------------------------------------------

--
-- Table structure for table `job_applications`
--

CREATE TABLE `job_applications` (
  `id` int(10) UNSIGNED NOT NULL,
  `full_name` varchar(191) COLLATE utf8mb4_unicode_ci NOT NULL,
  `email` varchar(191) COLLATE utf8mb4_unicode_ci NOT NULL,
  `phone` varchar(191) COLLATE utf8mb4_unicode_ci NOT NULL,
  `gender` varchar(191) COLLATE utf8mb4_unicode_ci DEFAULT NULL,
  `dob` date DEFAULT NULL,
  `country` varchar(191) COLLATE utf8mb4_unicode_ci DEFAULT NULL,
  `state` varchar(191) COLLATE utf8mb4_unicode_ci DEFAULT NULL,
  `city` varchar(191) COLLATE utf8mb4_unicode_ci DEFAULT NULL,
  `photo` varchar(191) COLLATE utf8mb4_unicode_ci DEFAULT NULL,
  `rating` enum('1','2','3','4','5') COLLATE utf8mb4_unicode_ci DEFAULT NULL,
  `skills` text COLLATE utf8mb4_unicode_ci,
  `skype_id` varchar(191) COLLATE utf8mb4_unicode_ci DEFAULT NULL,
  `cover_letter` mediumtext COLLATE utf8mb4_unicode_ci,
  `job_id` int(10) UNSIGNED DEFAULT NULL,
  `status_id` int(10) UNSIGNED DEFAULT NULL,
  `column_priority` int(11) NOT NULL,
  `created_at` timestamp NULL DEFAULT NULL,
  `updated_at` timestamp NULL DEFAULT NULL,
  `deleted_at` timestamp NULL DEFAULT NULL
) ENGINE=InnoDB DEFAULT CHARSET=utf8mb4 COLLATE=utf8mb4_unicode_ci;

-- --------------------------------------------------------

--
-- Table structure for table `job_application_answers`
--

CREATE TABLE `job_application_answers` (
  `id` int(10) UNSIGNED NOT NULL,
  `job_application_id` int(10) UNSIGNED NOT NULL,
  `job_id` int(10) UNSIGNED NOT NULL,
  `question_id` int(10) UNSIGNED NOT NULL,
  `answer` mediumtext COLLATE utf8mb4_unicode_ci,
  `created_at` timestamp NULL DEFAULT NULL,
  `updated_at` timestamp NULL DEFAULT NULL
) ENGINE=InnoDB DEFAULT CHARSET=utf8mb4 COLLATE=utf8mb4_unicode_ci;

-- --------------------------------------------------------

--
-- Table structure for table `job_categories`
--

CREATE TABLE `job_categories` (
  `id` int(10) UNSIGNED NOT NULL,
  `name` varchar(191) COLLATE utf8mb4_unicode_ci NOT NULL,
  `created_at` timestamp NULL DEFAULT NULL,
  `updated_at` timestamp NULL DEFAULT NULL
) ENGINE=InnoDB DEFAULT CHARSET=utf8mb4 COLLATE=utf8mb4_unicode_ci;

--
-- Dumping data for table `job_categories`
--

INSERT INTO `job_categories` (`id`, `name`, `created_at`, `updated_at`) VALUES
(1, 'Office Boy', '2020-09-18 15:01:48', '2020-09-18 15:01:48');

-- --------------------------------------------------------

--
-- Table structure for table `job_job_application`
--

CREATE TABLE `job_job_application` (
  `job_application_id` int(10) UNSIGNED NOT NULL,
  `job_id` int(10) UNSIGNED NOT NULL
) ENGINE=InnoDB DEFAULT CHARSET=utf8mb4 COLLATE=utf8mb4_unicode_ci;

-- --------------------------------------------------------

--
-- Table structure for table `job_locations`
--

CREATE TABLE `job_locations` (
  `id` int(10) UNSIGNED NOT NULL,
  `location` varchar(191) COLLATE utf8mb4_unicode_ci NOT NULL,
  `country_id` int(10) UNSIGNED DEFAULT NULL,
  `created_at` timestamp NULL DEFAULT NULL,
  `updated_at` timestamp NULL DEFAULT NULL
) ENGINE=InnoDB DEFAULT CHARSET=utf8mb4 COLLATE=utf8mb4_unicode_ci;

-- --------------------------------------------------------

--
-- Table structure for table `job_questions`
--

CREATE TABLE `job_questions` (
  `id` int(10) UNSIGNED NOT NULL,
  `question_id` int(10) UNSIGNED NOT NULL,
  `job_id` int(10) UNSIGNED NOT NULL,
  `created_at` timestamp NULL DEFAULT NULL,
  `updated_at` timestamp NULL DEFAULT NULL
) ENGINE=InnoDB DEFAULT CHARSET=utf8mb4 COLLATE=utf8mb4_unicode_ci;

-- --------------------------------------------------------

--
-- Table structure for table `job_skills`
--

CREATE TABLE `job_skills` (
  `id` int(10) UNSIGNED NOT NULL,
  `skill_id` int(10) UNSIGNED DEFAULT NULL,
  `job_id` int(10) UNSIGNED DEFAULT NULL,
  `created_at` timestamp NULL DEFAULT NULL,
  `updated_at` timestamp NULL DEFAULT NULL
) ENGINE=InnoDB DEFAULT CHARSET=utf8mb4 COLLATE=utf8mb4_unicode_ci;

-- --------------------------------------------------------

--
-- Table structure for table `language_settings`
--

CREATE TABLE `language_settings` (
  `id` int(10) UNSIGNED NOT NULL,
  `language_code` varchar(191) COLLATE utf8mb4_unicode_ci NOT NULL,
  `language_name` varchar(191) COLLATE utf8mb4_unicode_ci NOT NULL,
  `status` enum('enabled','disabled') COLLATE utf8mb4_unicode_ci NOT NULL,
  `created_at` timestamp NULL DEFAULT NULL,
  `updated_at` timestamp NULL DEFAULT NULL
) ENGINE=InnoDB DEFAULT CHARSET=utf8mb4 COLLATE=utf8mb4_unicode_ci;

--
-- Dumping data for table `language_settings`
--

INSERT INTO `language_settings` (`id`, `language_code`, `language_name`, `status`, `created_at`, `updated_at`) VALUES
(1, 'ar', 'Arabic', 'disabled', NULL, NULL),
(2, 'de', 'German', 'disabled', NULL, NULL),
(3, 'es', 'Spanish', 'enabled', NULL, NULL),
(4, 'et', 'Estonian', 'disabled', NULL, NULL),
(5, 'fa', 'Farsi', 'disabled', NULL, NULL),
(6, 'fr', 'French', 'enabled', NULL, NULL),
(7, 'gr', 'Greek', 'disabled', NULL, NULL),
(8, 'it', 'Italian', 'disabled', NULL, NULL),
(9, 'nl', 'Dutch', 'disabled', NULL, NULL),
(10, 'pl', 'Polish', 'disabled', NULL, NULL),
(11, 'pt', 'Portuguese', 'disabled', NULL, NULL),
(12, 'pt-br', 'Portuguese (Brazil)', 'disabled', NULL, NULL),
(13, 'ro', 'Romanian', 'disabled', NULL, NULL),
(14, 'ru', 'Russian', 'enabled', NULL, NULL),
(15, 'tr', 'Turkish', 'disabled', NULL, NULL),
(16, 'zh-CN', 'Chinese (S)', 'disabled', NULL, NULL),
(17, 'zh-TW', 'Chinese (T)', 'disabled', NULL, NULL),
(18, 'en', 'English', 'enabled', '2020-09-18 14:00:26', '2020-09-18 14:00:26');

-- --------------------------------------------------------

--
-- Table structure for table `linked_in_settings`
--

CREATE TABLE `linked_in_settings` (
  `id` int(10) UNSIGNED NOT NULL,
  `client_id` varchar(191) COLLATE utf8mb4_unicode_ci DEFAULT NULL,
  `client_secret` varchar(191) COLLATE utf8mb4_unicode_ci DEFAULT NULL,
  `status` enum('enable','disable') COLLATE utf8mb4_unicode_ci NOT NULL DEFAULT 'disable',
  `callback_url` varchar(191) COLLATE utf8mb4_unicode_ci DEFAULT NULL,
  `created_at` timestamp NULL DEFAULT NULL,
  `updated_at` timestamp NULL DEFAULT NULL
) ENGINE=InnoDB DEFAULT CHARSET=utf8mb4 COLLATE=utf8mb4_unicode_ci;

--
-- Dumping data for table `linked_in_settings`
--

INSERT INTO `linked_in_settings` (`id`, `client_id`, `client_secret`, `status`, `callback_url`, `created_at`, `updated_at`) VALUES
(1, '', '', 'disable', '', '2020-09-18 14:00:12', '2020-09-18 14:00:12');

-- --------------------------------------------------------

--
-- Table structure for table `ltm_translations`
--

CREATE TABLE `ltm_translations` (
  `id` int(10) UNSIGNED NOT NULL,
  `status` int(11) NOT NULL DEFAULT '0',
  `locale` varchar(191) COLLATE utf8mb4_unicode_ci NOT NULL,
  `group` varchar(191) COLLATE utf8mb4_unicode_ci NOT NULL,
  `key` text COLLATE utf8mb4_unicode_ci NOT NULL,
  `value` text COLLATE utf8mb4_unicode_ci,
  `created_at` timestamp NULL DEFAULT NULL,
  `updated_at` timestamp NULL DEFAULT NULL
) ENGINE=InnoDB DEFAULT CHARSET=utf8mb4 COLLATE=utf8mb4_unicode_ci;

-- --------------------------------------------------------

--
-- Table structure for table `migrations`
--

CREATE TABLE `migrations` (
  `id` int(10) UNSIGNED NOT NULL,
  `migration` varchar(191) COLLATE utf8mb4_unicode_ci NOT NULL,
  `batch` int(11) NOT NULL
) ENGINE=InnoDB DEFAULT CHARSET=utf8mb4 COLLATE=utf8mb4_unicode_ci;

--
-- Dumping data for table `migrations`
--

INSERT INTO `migrations` (`id`, `migration`, `batch`) VALUES
(78, '2014_04_02_193005_create_translations_table', 1),
(79, '2014_10_12_000000_create_users_table', 1),
(80, '2014_10_12_100000_create_password_resets_table', 1),
(81, '2018_06_03_132522_create_job_categories_table', 1),
(82, '2018_06_04_152857_create_skills_table', 1),
(83, '2018_06_04_154802_create_countries_table', 1),
(84, '2018_06_04_155025_create_job_location_table', 1),
(85, '2018_06_04_162742_create_company_settings_table', 1),
(86, '2018_06_04_171244_create_jobs_table', 1),
(87, '2018_06_04_172111_create_job_skills_table', 1),
(88, '2018_06_04_174729_create_application_status_table', 1),
(89, '2018_06_04_174936_create_job_applications_table', 1),
(90, '2018_06_05_165900_create_tasks_table', 1),
(91, '2018_06_28_191256_create_language_settings_table', 1),
(92, '2018_07_03_054511_entrust_setup_tables', 1),
(93, '2018_07_08_103701_create_modules_table', 1),
(94, '2018_07_09_071111_add_permissions', 1),
(95, '2018_07_11_070438_add_skills_permissions', 1),
(96, '2018_07_11_084527_add_locations_permissions', 1),
(97, '2018_07_11_102717_add_jobs_permissions', 1),
(98, '2018_07_12_190134_add_slug_column_jobs_table', 1),
(99, '2018_07_13_190220_add_job_application_permission', 1),
(100, '2018_07_16_120833_add_column_priority_column_job_applications', 1),
(101, '2018_07_17_053002_add_image_column_users_table', 1),
(102, '2018_07_17_061732_add_team_permission', 1),
(103, '2018_07_17_113611_create_theme_settings_table', 1),
(104, '2018_07_19_064526_create_notifications_table', 1),
(105, '2018_09_11_195258_fix_user_roles', 1),
(106, '2018_10_12_120216_create_smtp_settings_table', 1),
(107, '2018_10_15_120216_create_questions_table', 1),
(108, '2018_10_15_130216_create_job_questions_table', 1),
(109, '2018_10_15_140216_create_job_question_answer_table', 1),
(110, '2018_10_15_261732_add_question_permission', 1),
(111, '2018_10_17_051239_alter_smtp_setting_table', 1),
(112, '2018_10_29_140216_create_interview_schedule_table', 1),
(113, '2018_10_31_061732_add_interview_schedule_permission', 1),
(114, '2018_11_01_140216_create_schedule_employee_table', 1),
(115, '2018_12_08_051239_alter_interview_schedule_table', 1),
(116, '2018_12_08_840216_create_schedule_comment_table', 1),
(117, '2018_12_13_104131_change_cover_letter_column_nullable_job_applications_table', 1),
(118, '2018_12_14_251239_alter_job_application_table', 1),
(119, '2018_12_21_251239_alter_job_application_rating_table', 1),
(120, '2019_03_14_113901_create_companies_table', 1),
(121, '2019_03_14_114823_add_company_id_column', 1),
(122, '2019_03_14_115620_add_company_permissions', 1),
(123, '2019_03_14_131217_add_status_column_companies_table', 1),
(124, '2019_03_16_061717_add_show_in_frontend_column_companies_table', 1),
(125, '2019_08_13_073129_update_settings_add_envato_key', 1),
(126, '2019_08_13_073129_update_settings_add_support_key', 1),
(127, '2019_08_28_081847_update_smtp_setting_verified', 1),
(128, '2019_09_16_081847_add_image_theme_setting_table', 1),
(129, '2019_10_03_061505_create_sticky_notes_table', 1),
(130, '2019_11_05_061546_create_new_job_email_status_table', 1),
(131, '2019_11_06_055738_create_sms_settings_table', 1),
(132, '2019_11_06_055900_add_mobile_related_columns_in_users_table', 1),
(133, '2019_11_12_044756_create_linked_in_settings_table', 1),
(134, '2019_11_12_044955_add_linkedin_columns_to_companies_table', 1),
(135, '2019_11_12_054145_add_system_update_column_in_company_settings_table', 1),
(136, '2019_11_20_0974848_create_departments_table', 1),
(137, '2019_11_20_1074848_create_designation_table', 1),
(138, '2019_11_20_1174848_create_onboard_details_table', 1),
(139, '2019_11_20_1274848_create_onboard_files_table', 1),
(140, '2019_12_01_060100_create_applicant_notes_table', 1),
(141, '2019_12_02_115133_alter_onboard_status_table', 1),
(142, '2019_12_10_110039_create_footer_settings_table', 1),
(143, '2019_12_23_081452_create_todo_items_table', 1),
(144, '2020_01_07_060649_add_gender_age_country_city_columns_to_job_applications_table', 1),
(145, '2020_01_07_060725_add_required_columns_column_in_jobs_table', 1),
(146, '2020_01_08_044909_add_english_row_in_language_settings_table', 1),
(147, '2020_01_09_110009_add_skills_column_in_job_applications_table', 1),
(148, '2020_01_29_092642_create_application_settings_table', 1),
(149, '2020_02_01_101914_update_settings_review', 1),
(150, '2020_04_16_043747_add_mail_setting_column_in_application_settings_table', 1),
(151, '2020_04_22_041412_add_meta_details_and_section_visibility_columns_in_jobs_table', 1),
(152, '2020_04_22_065801_remove_profile_image_show_column_from_application_settings_table', 1),
(153, '2020_04_24_045232_create_documents_table', 1),
(154, '2020_05_19_083936_add_position_and_color_columns_in_application_status_table', 1);

-- --------------------------------------------------------

--
-- Table structure for table `modules`
--

CREATE TABLE `modules` (
  `id` int(10) UNSIGNED NOT NULL,
  `module_name` varchar(191) COLLATE utf8mb4_unicode_ci NOT NULL,
  `description` varchar(191) COLLATE utf8mb4_unicode_ci DEFAULT NULL,
  `created_at` timestamp NULL DEFAULT NULL,
  `updated_at` timestamp NULL DEFAULT NULL
) ENGINE=InnoDB DEFAULT CHARSET=utf8mb4 COLLATE=utf8mb4_unicode_ci;

--
-- Dumping data for table `modules`
--

INSERT INTO `modules` (`id`, `module_name`, `description`, `created_at`, `updated_at`) VALUES
(1, 'job categories', '', NULL, NULL),
(2, 'job skills', '', NULL, NULL),
(3, 'job applications', '', NULL, NULL),
(4, 'job locations', '', NULL, NULL),
(6, 'jobs', '', NULL, NULL),
(7, 'settings', '', NULL, NULL),
(8, 'team', '', NULL, NULL),
(9, 'question', '', NULL, NULL),
(10, 'schedule', '', '2020-09-18 13:59:53', '2020-09-18 13:59:53'),
(11, 'company', '', NULL, NULL);

-- --------------------------------------------------------

--
-- Table structure for table `notifications`
--

CREATE TABLE `notifications` (
  `id` char(36) COLLATE utf8mb4_unicode_ci NOT NULL,
  `type` varchar(191) COLLATE utf8mb4_unicode_ci NOT NULL,
  `notifiable_type` varchar(191) COLLATE utf8mb4_unicode_ci NOT NULL,
  `notifiable_id` bigint(20) UNSIGNED NOT NULL,
  `data` text COLLATE utf8mb4_unicode_ci NOT NULL,
  `read_at` timestamp NULL DEFAULT NULL,
  `created_at` timestamp NULL DEFAULT NULL,
  `updated_at` timestamp NULL DEFAULT NULL
) ENGINE=InnoDB DEFAULT CHARSET=utf8mb4 COLLATE=utf8mb4_unicode_ci;

-- --------------------------------------------------------

--
-- Table structure for table `on_board_details`
--

CREATE TABLE `on_board_details` (
  `id` bigint(20) UNSIGNED NOT NULL,
  `job_application_id` int(10) UNSIGNED DEFAULT NULL,
  `designation_id` bigint(20) UNSIGNED DEFAULT NULL,
  `department_id` bigint(20) UNSIGNED DEFAULT NULL,
  `reports_to_id` int(10) UNSIGNED DEFAULT NULL,
  `salary_offered` int(11) NOT NULL,
  `joining_date` date NOT NULL,
  `accept_last_date` date NOT NULL,
  `offer_code` varchar(20) COLLATE utf8mb4_unicode_ci DEFAULT NULL,
  `sign` varchar(191) COLLATE utf8mb4_unicode_ci DEFAULT NULL,
  `reject_reason` varchar(191) COLLATE utf8mb4_unicode_ci DEFAULT NULL,
  `hired_status` enum('offered','accepted','rejected','canceled') COLLATE utf8mb4_unicode_ci NOT NULL,
  `employee_status` enum('part_time','full_time','on_contract') COLLATE utf8mb4_unicode_ci NOT NULL,
  `created_at` timestamp NULL DEFAULT NULL,
  `updated_at` timestamp NULL DEFAULT NULL
) ENGINE=InnoDB DEFAULT CHARSET=utf8mb4 COLLATE=utf8mb4_unicode_ci;

-- --------------------------------------------------------

--
-- Table structure for table `on_board_files`
--

CREATE TABLE `on_board_files` (
  `id` bigint(20) UNSIGNED NOT NULL,
  `on_board_detail_id` bigint(20) UNSIGNED DEFAULT NULL,
  `name` varchar(191) COLLATE utf8mb4_unicode_ci NOT NULL,
  `file` varchar(191) COLLATE utf8mb4_unicode_ci NOT NULL,
  `hash_name` varchar(191) COLLATE utf8mb4_unicode_ci NOT NULL,
  `created_at` timestamp NULL DEFAULT NULL,
  `updated_at` timestamp NULL DEFAULT NULL
) ENGINE=InnoDB DEFAULT CHARSET=utf8mb4 COLLATE=utf8mb4_unicode_ci;

-- --------------------------------------------------------

--
-- Table structure for table `password_resets`
--

CREATE TABLE `password_resets` (
  `email` varchar(191) COLLATE utf8mb4_unicode_ci NOT NULL,
  `token` varchar(191) COLLATE utf8mb4_unicode_ci NOT NULL,
  `created_at` timestamp NULL DEFAULT NULL
) ENGINE=InnoDB DEFAULT CHARSET=utf8mb4 COLLATE=utf8mb4_unicode_ci;

-- --------------------------------------------------------

--
-- Table structure for table `permissions`
--

CREATE TABLE `permissions` (
  `id` int(10) UNSIGNED NOT NULL,
  `name` varchar(191) COLLATE utf8mb4_unicode_ci NOT NULL,
  `display_name` varchar(191) COLLATE utf8mb4_unicode_ci DEFAULT NULL,
  `description` varchar(191) COLLATE utf8mb4_unicode_ci DEFAULT NULL,
  `module_id` int(10) UNSIGNED NOT NULL,
  `created_at` timestamp NULL DEFAULT NULL,
  `updated_at` timestamp NULL DEFAULT NULL
) ENGINE=InnoDB DEFAULT CHARSET=utf8mb4 COLLATE=utf8mb4_unicode_ci;

--
-- Dumping data for table `permissions`
--

INSERT INTO `permissions` (`id`, `name`, `display_name`, `description`, `module_id`, `created_at`, `updated_at`) VALUES
(1, 'add_category', 'Add Category', NULL, 1, '2020-09-18 13:59:38', '2020-09-18 13:59:38'),
(2, 'view_category', 'View Category', NULL, 1, '2020-09-18 13:59:38', '2020-09-18 13:59:38'),
(3, 'edit_category', 'Edit Category', NULL, 1, '2020-09-18 13:59:39', '2020-09-18 13:59:39'),
(4, 'delete_category', 'Delete Category', NULL, 1, '2020-09-18 13:59:39', '2020-09-18 13:59:39'),
(5, 'manage_settings', 'Manage Settings', NULL, 7, '2020-09-18 13:59:39', '2020-09-18 13:59:39'),
(6, 'add_skills', 'Add Skills', NULL, 2, '2020-09-18 13:59:39', '2020-09-18 13:59:39'),
(7, 'view_skills', 'View Skills', NULL, 2, '2020-09-18 13:59:40', '2020-09-18 13:59:40'),
(8, 'edit_skills', 'Edit Skills', NULL, 2, '2020-09-18 13:59:40', '2020-09-18 13:59:40'),
(9, 'delete_skills', 'Delete Skills', NULL, 2, '2020-09-18 13:59:40', '2020-09-18 13:59:40'),
(10, 'add_locations', 'Add Location', NULL, 4, '2020-09-18 13:59:40', '2020-09-18 13:59:40'),
(11, 'view_locations', 'View Location', NULL, 4, '2020-09-18 13:59:40', '2020-09-18 13:59:40'),
(12, 'edit_locations', 'Edit Location', NULL, 4, '2020-09-18 13:59:40', '2020-09-18 13:59:40'),
(13, 'delete_locations', 'Delete Location', NULL, 4, '2020-09-18 13:59:40', '2020-09-18 13:59:40'),
(14, 'add_jobs', 'Add Jobs', NULL, 6, '2020-09-18 13:59:40', '2020-09-18 13:59:40'),
(15, 'view_jobs', 'View Jobs', NULL, 6, '2020-09-18 13:59:40', '2020-09-18 13:59:40'),
(16, 'edit_jobs', 'Edit Jobs', NULL, 6, '2020-09-18 13:59:40', '2020-09-18 13:59:40'),
(17, 'delete_jobs', 'Delete Jobs', NULL, 6, '2020-09-18 13:59:40', '2020-09-18 13:59:40'),
(18, 'add_job_applications', 'Add Job Applications', NULL, 3, '2020-09-18 13:59:41', '2020-09-18 13:59:41'),
(19, 'view_job_applications', 'View Job Applications', NULL, 3, '2020-09-18 13:59:41', '2020-09-18 13:59:41'),
(20, 'edit_job_applications', 'Edit Job Applications', NULL, 3, '2020-09-18 13:59:41', '2020-09-18 13:59:41'),
(21, 'delete_job_applications', 'Delete Job Applications', NULL, 3, '2020-09-18 13:59:41', '2020-09-18 13:59:41'),
(22, 'add_team', 'Add Team', NULL, 8, '2020-09-18 13:59:43', '2020-09-18 13:59:43'),
(23, 'view_team', 'View Team', NULL, 8, '2020-09-18 13:59:43', '2020-09-18 13:59:43'),
(24, 'edit_team', 'Edit Team', NULL, 8, '2020-09-18 13:59:43', '2020-09-18 13:59:43'),
(25, 'delete_team', 'Delete Team', NULL, 8, '2020-09-18 13:59:43', '2020-09-18 13:59:43'),
(26, 'add_question', 'Add Question', NULL, 9, '2020-09-18 13:59:51', '2020-09-18 13:59:51'),
(27, 'view_question', 'View Question', NULL, 9, '2020-09-18 13:59:51', '2020-09-18 13:59:51'),
(28, 'edit_question', 'Edit Question', NULL, 9, '2020-09-18 13:59:51', '2020-09-18 13:59:51'),
(29, 'delete_question', 'Delete Question', NULL, 9, '2020-09-18 13:59:51', '2020-09-18 13:59:51'),
(30, 'add_schedule', 'Add Schedule', NULL, 10, '2020-09-18 13:59:53', '2020-09-18 13:59:53'),
(31, 'view_schedule', 'View Schedule', NULL, 10, '2020-09-18 13:59:53', '2020-09-18 13:59:53'),
(32, 'edit_schedule', 'Edit Schedule', NULL, 10, '2020-09-18 13:59:53', '2020-09-18 13:59:53'),
(33, 'delete_schedule', 'Delete Schedule', NULL, 10, '2020-09-18 13:59:53', '2020-09-18 13:59:53'),
(34, 'add_company', 'Add Company', NULL, 11, '2020-09-18 14:00:03', '2020-09-18 14:00:03'),
(35, 'view_company', 'View Company', NULL, 11, '2020-09-18 14:00:03', '2020-09-18 14:00:03'),
(36, 'edit_company', 'Edit Company', NULL, 11, '2020-09-18 14:00:03', '2020-09-18 14:00:03'),
(37, 'delete_company', 'Delete Company', NULL, 11, '2020-09-18 14:00:03', '2020-09-18 14:00:03');

-- --------------------------------------------------------

--
-- Table structure for table `permission_role`
--

CREATE TABLE `permission_role` (
  `permission_id` int(10) UNSIGNED NOT NULL,
  `role_id` int(10) UNSIGNED NOT NULL
) ENGINE=InnoDB DEFAULT CHARSET=utf8mb4 COLLATE=utf8mb4_unicode_ci;

--
-- Dumping data for table `permission_role`
--

INSERT INTO `permission_role` (`permission_id`, `role_id`) VALUES
(1, 1),
(2, 1),
(3, 1),
(4, 1),
(5, 1),
(6, 1),
(7, 1),
(8, 1),
(9, 1),
(10, 1),
(11, 1),
(12, 1),
(13, 1),
(14, 1),
(15, 1),
(16, 1),
(17, 1),
(18, 1),
(19, 1),
(20, 1),
(21, 1),
(22, 1),
(23, 1),
(24, 1),
(25, 1),
(26, 1),
(27, 1),
(28, 1),
(29, 1),
(30, 1),
(31, 1),
(32, 1),
(33, 1),
(34, 1),
(35, 1),
(36, 1),
(37, 1);

-- --------------------------------------------------------

--
-- Table structure for table `questions`
--

CREATE TABLE `questions` (
  `id` int(10) UNSIGNED NOT NULL,
  `question` varchar(191) COLLATE utf8mb4_unicode_ci NOT NULL,
  `status` enum('enable','disable') COLLATE utf8mb4_unicode_ci NOT NULL DEFAULT 'enable',
  `required` enum('yes','no') COLLATE utf8mb4_unicode_ci NOT NULL DEFAULT 'no',
  `created_at` timestamp NULL DEFAULT NULL,
  `updated_at` timestamp NULL DEFAULT NULL
) ENGINE=InnoDB DEFAULT CHARSET=utf8mb4 COLLATE=utf8mb4_unicode_ci;

-- --------------------------------------------------------

--
-- Table structure for table `roles`
--

CREATE TABLE `roles` (
  `id` int(10) UNSIGNED NOT NULL,
  `name` varchar(191) COLLATE utf8mb4_unicode_ci NOT NULL,
  `display_name` varchar(191) COLLATE utf8mb4_unicode_ci DEFAULT NULL,
  `description` varchar(191) COLLATE utf8mb4_unicode_ci DEFAULT NULL,
  `created_at` timestamp NULL DEFAULT NULL,
  `updated_at` timestamp NULL DEFAULT NULL
) ENGINE=InnoDB DEFAULT CHARSET=utf8mb4 COLLATE=utf8mb4_unicode_ci;

--
-- Dumping data for table `roles`
--

INSERT INTO `roles` (`id`, `name`, `display_name`, `description`, `created_at`, `updated_at`) VALUES
(1, 'admin', 'App Administrator', 'Admin is allowed to manage everything of the app.', '2020-09-18 13:59:38', '2020-09-18 13:59:38');

-- --------------------------------------------------------

--
-- Table structure for table `role_user`
--

CREATE TABLE `role_user` (
  `user_id` int(10) UNSIGNED NOT NULL,
  `role_id` int(10) UNSIGNED NOT NULL
) ENGINE=InnoDB DEFAULT CHARSET=utf8mb4 COLLATE=utf8mb4_unicode_ci;

--
-- Dumping data for table `role_user`
--

INSERT INTO `role_user` (`user_id`, `role_id`) VALUES
(1, 1);

-- --------------------------------------------------------

--
-- Table structure for table `skills`
--

CREATE TABLE `skills` (
  `id` int(10) UNSIGNED NOT NULL,
  `name` varchar(191) COLLATE utf8mb4_unicode_ci NOT NULL,
  `category_id` int(10) UNSIGNED DEFAULT NULL,
  `created_at` timestamp NULL DEFAULT NULL,
  `updated_at` timestamp NULL DEFAULT NULL
) ENGINE=InnoDB DEFAULT CHARSET=utf8mb4 COLLATE=utf8mb4_unicode_ci;

-- --------------------------------------------------------

--
-- Table structure for table `sms_settings`
--

CREATE TABLE `sms_settings` (
  `id` bigint(20) UNSIGNED NOT NULL,
  `nexmo_status` enum('active','deactive') COLLATE utf8mb4_unicode_ci NOT NULL DEFAULT 'deactive',
  `nexmo_key` varchar(191) COLLATE utf8mb4_unicode_ci DEFAULT NULL,
  `nexmo_secret` varchar(191) COLLATE utf8mb4_unicode_ci DEFAULT NULL,
  `nexmo_from` varchar(191) COLLATE utf8mb4_unicode_ci DEFAULT 'NEXMO',
  `created_at` timestamp NULL DEFAULT NULL,
  `updated_at` timestamp NULL DEFAULT NULL
) ENGINE=InnoDB DEFAULT CHARSET=utf8mb4 COLLATE=utf8mb4_unicode_ci;

--
-- Dumping data for table `sms_settings`
--

INSERT INTO `sms_settings` (`id`, `nexmo_status`, `nexmo_key`, `nexmo_secret`, `nexmo_from`, `created_at`, `updated_at`) VALUES
(1, 'deactive', NULL, NULL, 'NEXMO', '2020-09-18 14:00:11', '2020-09-18 14:00:11');

-- --------------------------------------------------------

--
-- Table structure for table `smtp_settings`
--

CREATE TABLE `smtp_settings` (
  `id` int(10) UNSIGNED NOT NULL,
  `mail_driver` varchar(191) COLLATE utf8mb4_unicode_ci NOT NULL DEFAULT 'smtp',
  `mail_host` varchar(191) COLLATE utf8mb4_unicode_ci NOT NULL DEFAULT 'smtp.gmail.com',
  `mail_port` varchar(191) COLLATE utf8mb4_unicode_ci NOT NULL DEFAULT '587',
  `mail_username` varchar(191) COLLATE utf8mb4_unicode_ci NOT NULL DEFAULT 'youremail@gmail.com',
  `mail_password` varchar(191) COLLATE utf8mb4_unicode_ci NOT NULL DEFAULT 'your password',
  `mail_from_name` varchar(191) COLLATE utf8mb4_unicode_ci NOT NULL DEFAULT 'Recruit',
  `mail_from_email` varchar(191) COLLATE utf8mb4_unicode_ci NOT NULL DEFAULT 'admin@example.com',
  `mail_encryption` enum('tls','ssl') COLLATE utf8mb4_unicode_ci DEFAULT NULL,
  `created_at` timestamp NULL DEFAULT NULL,
  `updated_at` timestamp NULL DEFAULT NULL,
  `verified` tinyint(1) NOT NULL DEFAULT '0'
) ENGINE=InnoDB DEFAULT CHARSET=utf8mb4 COLLATE=utf8mb4_unicode_ci;

--
-- Dumping data for table `smtp_settings`
--

INSERT INTO `smtp_settings` (`id`, `mail_driver`, `mail_host`, `mail_port`, `mail_username`, `mail_password`, `mail_from_name`, `mail_from_email`, `mail_encryption`, `created_at`, `updated_at`, `verified`) VALUES
(1, 'smtp', 'smtp.gmail.com', '587', 'youremail@gmail.com', 'your password', 'Recruit', 'admin@example.com', 'tls', '2020-09-18 13:59:45', '2020-09-18 13:59:45', 0);

-- --------------------------------------------------------

--
-- Table structure for table `sticky_notes`
--

CREATE TABLE `sticky_notes` (
  `id` int(10) UNSIGNED NOT NULL,
  `user_id` int(10) UNSIGNED NOT NULL,
  `note_text` mediumtext COLLATE utf8mb4_unicode_ci NOT NULL,
  `colour` enum('blue','yellow','red','gray','purple','green') COLLATE utf8mb4_unicode_ci NOT NULL DEFAULT 'blue',
  `created_at` timestamp NULL DEFAULT NULL,
  `updated_at` timestamp NULL DEFAULT NULL
) ENGINE=InnoDB DEFAULT CHARSET=utf8mb4 COLLATE=utf8mb4_unicode_ci;

-- --------------------------------------------------------

--
-- Table structure for table `tasks`
--

CREATE TABLE `tasks` (
  `id` int(10) UNSIGNED NOT NULL,
  `title` text COLLATE utf8mb4_unicode_ci NOT NULL,
  `description` mediumtext COLLATE utf8mb4_unicode_ci NOT NULL,
  `due_date` datetime NOT NULL,
  `user_id` int(10) UNSIGNED DEFAULT NULL,
  `created_at` timestamp NULL DEFAULT NULL,
  `updated_at` timestamp NULL DEFAULT NULL
) ENGINE=InnoDB DEFAULT CHARSET=utf8mb4 COLLATE=utf8mb4_unicode_ci;

-- --------------------------------------------------------

--
-- Table structure for table `theme_settings`
--

CREATE TABLE `theme_settings` (
  `id` int(10) UNSIGNED NOT NULL,
  `primary_color` varchar(191) COLLATE utf8mb4_unicode_ci NOT NULL,
  `admin_custom_css` longtext COLLATE utf8mb4_unicode_ci,
  `front_custom_css` longtext COLLATE utf8mb4_unicode_ci,
  `home_background_image` varchar(191) COLLATE utf8mb4_unicode_ci DEFAULT NULL,
  `welcome_title` varchar(191) COLLATE utf8mb4_unicode_ci DEFAULT NULL,
  `welcome_sub_title` text COLLATE utf8mb4_unicode_ci,
  `created_at` timestamp NULL DEFAULT NULL,
  `updated_at` timestamp NULL DEFAULT NULL
) ENGINE=InnoDB DEFAULT CHARSET=utf8mb4 COLLATE=utf8mb4_unicode_ci;

--
-- Dumping data for table `theme_settings`
--

INSERT INTO `theme_settings` (`id`, `primary_color`, `admin_custom_css`, `front_custom_css`, `home_background_image`, `welcome_title`, `welcome_sub_title`, `created_at`, `updated_at`) VALUES
(1, '#1579d0', NULL, NULL, NULL, NULL, NULL, '2020-09-18 13:59:43', '2020-09-18 13:59:43');

-- --------------------------------------------------------

--
-- Table structure for table `todo_items`
--

CREATE TABLE `todo_items` (
  `id` bigint(20) UNSIGNED NOT NULL,
  `user_id` int(10) UNSIGNED NOT NULL,
  `title` varchar(191) COLLATE utf8mb4_unicode_ci NOT NULL,
  `status` enum('pending','completed') COLLATE utf8mb4_unicode_ci NOT NULL DEFAULT 'pending',
  `position` int(10) UNSIGNED NOT NULL DEFAULT '0',
  `created_at` timestamp NULL DEFAULT NULL,
  `updated_at` timestamp NULL DEFAULT NULL
) ENGINE=InnoDB DEFAULT CHARSET=utf8mb4 COLLATE=utf8mb4_unicode_ci;

-- --------------------------------------------------------

--
-- Table structure for table `users`
--

CREATE TABLE `users` (
  `id` int(10) UNSIGNED NOT NULL,
  `name` varchar(191) COLLATE utf8mb4_unicode_ci NOT NULL,
  `email` varchar(191) COLLATE utf8mb4_unicode_ci NOT NULL,
  `calling_code` varchar(191) COLLATE utf8mb4_unicode_ci DEFAULT NULL,
  `mobile` varchar(191) COLLATE utf8mb4_unicode_ci DEFAULT NULL,
  `mobile_verified` tinyint(1) NOT NULL DEFAULT '0',
  `password` varchar(191) COLLATE utf8mb4_unicode_ci NOT NULL,
  `remember_token` varchar(100) COLLATE utf8mb4_unicode_ci DEFAULT NULL,
  `created_at` timestamp NULL DEFAULT NULL,
  `updated_at` timestamp NULL DEFAULT NULL,
  `image` varchar(191) COLLATE utf8mb4_unicode_ci DEFAULT NULL
) ENGINE=InnoDB DEFAULT CHARSET=utf8mb4 COLLATE=utf8mb4_unicode_ci;

--
-- Dumping data for table `users`
--

INSERT INTO `users` (`id`, `name`, `email`, `calling_code`, `mobile`, `mobile_verified`, `password`, `remember_token`, `created_at`, `updated_at`, `image`) VALUES
(1, 'Ahmed', 'admin@example.com', '+20', '1234566', 0, '$2y$10$ehXGdcoXnHiUhso/5ttoxOnpHUW4eErg4uwrQi4igflvrAGheMZbC', NULL, '2020-09-18 14:00:31', '2020-09-18 15:44:30', NULL);

--
-- Indexes for dumped tables
--

--
-- Indexes for table `applicant_notes`
--
ALTER TABLE `applicant_notes`
  ADD PRIMARY KEY (`id`),
  ADD KEY `applicant_notes_user_id_foreign` (`user_id`),
  ADD KEY `applicant_notes_job_application_id_foreign` (`job_application_id`);

--
-- Indexes for table `application_settings`
--
ALTER TABLE `application_settings`
  ADD PRIMARY KEY (`id`);

--
-- Indexes for table `application_status`
--
ALTER TABLE `application_status`
  ADD PRIMARY KEY (`id`);

--
-- Indexes for table `companies`
--
ALTER TABLE `companies`
  ADD PRIMARY KEY (`id`);

--
-- Indexes for table `company_settings`
--
ALTER TABLE `company_settings`
  ADD PRIMARY KEY (`id`);

--
-- Indexes for table `countries`
--
ALTER TABLE `countries`
  ADD PRIMARY KEY (`id`);

--
-- Indexes for table `departments`
--
ALTER TABLE `departments`
  ADD PRIMARY KEY (`id`);

--
-- Indexes for table `designations`
--
ALTER TABLE `designations`
  ADD PRIMARY KEY (`id`);

--
-- Indexes for table `documents`
--
ALTER TABLE `documents`
  ADD PRIMARY KEY (`id`),
  ADD UNIQUE KEY `documents_documentable_id_documentable_type_name_unique` (`documentable_id`,`documentable_type`,`name`);

--
-- Indexes for table `footer_settings`
--
ALTER TABLE `footer_settings`
  ADD PRIMARY KEY (`id`);

--
-- Indexes for table `interview_schedules`
--
ALTER TABLE `interview_schedules`
  ADD PRIMARY KEY (`id`),
  ADD KEY `interview_schedules_job_application_id_foreign` (`job_application_id`);

--
-- Indexes for table `interview_schedule_comments`
--
ALTER TABLE `interview_schedule_comments`
  ADD PRIMARY KEY (`id`),
  ADD KEY `interview_schedule_comments_interview_schedule_id_foreign` (`interview_schedule_id`),
  ADD KEY `interview_schedule_comments_user_id_foreign` (`user_id`);

--
-- Indexes for table `interview_schedule_employees`
--
ALTER TABLE `interview_schedule_employees`
  ADD PRIMARY KEY (`id`),
  ADD KEY `interview_schedule_employees_interview_schedule_id_foreign` (`interview_schedule_id`),
  ADD KEY `interview_schedule_employees_user_id_foreign` (`user_id`);

--
-- Indexes for table `jobs`
--
ALTER TABLE `jobs`
  ADD PRIMARY KEY (`id`),
  ADD KEY `jobs_location_id_foreign` (`location_id`),
  ADD KEY `jobs_category_id_foreign` (`category_id`),
  ADD KEY `jobs_company_id_foreign` (`company_id`);

--
-- Indexes for table `job_applications`
--
ALTER TABLE `job_applications`
  ADD PRIMARY KEY (`id`),
  ADD KEY `job_applications_job_id_foreign` (`job_id`),
  ADD KEY `job_applications_status_id_foreign` (`status_id`);

--
-- Indexes for table `job_application_answers`
--
ALTER TABLE `job_application_answers`
  ADD PRIMARY KEY (`id`),
  ADD KEY `job_application_answers_job_application_id_foreign` (`job_application_id`),
  ADD KEY `job_application_answers_job_id_foreign` (`job_id`),
  ADD KEY `job_application_answers_question_id_foreign` (`question_id`);

--
-- Indexes for table `job_categories`
--
ALTER TABLE `job_categories`
  ADD PRIMARY KEY (`id`);

--
-- Indexes for table `job_job_application`
--
ALTER TABLE `job_job_application`
  ADD KEY `job_job_application_job_application_id_foreign` (`job_application_id`),
  ADD KEY `job_job_application_job_id_foreign` (`job_id`);

--
-- Indexes for table `job_locations`
--
ALTER TABLE `job_locations`
  ADD PRIMARY KEY (`id`),
  ADD KEY `job_locations_country_id_foreign` (`country_id`);

--
-- Indexes for table `job_questions`
--
ALTER TABLE `job_questions`
  ADD PRIMARY KEY (`id`),
  ADD KEY `job_questions_question_id_foreign` (`question_id`),
  ADD KEY `job_questions_job_id_foreign` (`job_id`);

--
-- Indexes for table `job_skills`
--
ALTER TABLE `job_skills`
  ADD PRIMARY KEY (`id`),
  ADD KEY `job_skills_skill_id_foreign` (`skill_id`),
  ADD KEY `job_skills_job_id_foreign` (`job_id`);

--
-- Indexes for table `language_settings`
--
ALTER TABLE `language_settings`
  ADD PRIMARY KEY (`id`);

--
-- Indexes for table `linked_in_settings`
--
ALTER TABLE `linked_in_settings`
  ADD PRIMARY KEY (`id`);

--
-- Indexes for table `ltm_translations`
--
ALTER TABLE `ltm_translations`
  ADD PRIMARY KEY (`id`);

--
-- Indexes for table `migrations`
--
ALTER TABLE `migrations`
  ADD PRIMARY KEY (`id`);

--
-- Indexes for table `modules`
--
ALTER TABLE `modules`
  ADD PRIMARY KEY (`id`);

--
-- Indexes for table `notifications`
--
ALTER TABLE `notifications`
  ADD PRIMARY KEY (`id`),
  ADD KEY `notifications_notifiable_type_notifiable_id_index` (`notifiable_type`,`notifiable_id`);

--
-- Indexes for table `on_board_details`
--
ALTER TABLE `on_board_details`
  ADD PRIMARY KEY (`id`),
  ADD KEY `on_board_details_job_application_id_foreign` (`job_application_id`),
  ADD KEY `on_board_details_designation_id_foreign` (`designation_id`),
  ADD KEY `on_board_details_department_id_foreign` (`department_id`),
  ADD KEY `on_board_details_reports_to_id_foreign` (`reports_to_id`);

--
-- Indexes for table `on_board_files`
--
ALTER TABLE `on_board_files`
  ADD PRIMARY KEY (`id`),
  ADD KEY `on_board_files_on_board_detail_id_foreign` (`on_board_detail_id`);

--
-- Indexes for table `password_resets`
--
ALTER TABLE `password_resets`
  ADD KEY `password_resets_email_index` (`email`);

--
-- Indexes for table `permissions`
--
ALTER TABLE `permissions`
  ADD PRIMARY KEY (`id`),
  ADD UNIQUE KEY `permissions_name_unique` (`name`),
  ADD KEY `permissions_module_id_foreign` (`module_id`);

--
-- Indexes for table `permission_role`
--
ALTER TABLE `permission_role`
  ADD PRIMARY KEY (`permission_id`,`role_id`),
  ADD KEY `permission_role_role_id_foreign` (`role_id`);

--
-- Indexes for table `questions`
--
ALTER TABLE `questions`
  ADD PRIMARY KEY (`id`);

--
-- Indexes for table `roles`
--
ALTER TABLE `roles`
  ADD PRIMARY KEY (`id`),
  ADD UNIQUE KEY `roles_name_unique` (`name`);

--
-- Indexes for table `role_user`
--
ALTER TABLE `role_user`
  ADD PRIMARY KEY (`user_id`,`role_id`),
  ADD KEY `role_user_role_id_foreign` (`role_id`);

--
-- Indexes for table `skills`
--
ALTER TABLE `skills`
  ADD PRIMARY KEY (`id`),
  ADD KEY `skills_category_id_foreign` (`category_id`);

--
-- Indexes for table `sms_settings`
--
ALTER TABLE `sms_settings`
  ADD PRIMARY KEY (`id`);

--
-- Indexes for table `smtp_settings`
--
ALTER TABLE `smtp_settings`
  ADD PRIMARY KEY (`id`);

--
-- Indexes for table `sticky_notes`
--
ALTER TABLE `sticky_notes`
  ADD PRIMARY KEY (`id`),
  ADD KEY `sticky_notes_user_id_foreign` (`user_id`);

--
-- Indexes for table `tasks`
--
ALTER TABLE `tasks`
  ADD PRIMARY KEY (`id`),
  ADD KEY `tasks_user_id_foreign` (`user_id`);

--
-- Indexes for table `theme_settings`
--
ALTER TABLE `theme_settings`
  ADD PRIMARY KEY (`id`);

--
-- Indexes for table `todo_items`
--
ALTER TABLE `todo_items`
  ADD PRIMARY KEY (`id`),
  ADD KEY `todo_items_user_id_foreign` (`user_id`);

--
-- Indexes for table `users`
--
ALTER TABLE `users`
  ADD PRIMARY KEY (`id`),
  ADD UNIQUE KEY `users_email_unique` (`email`);

--
-- AUTO_INCREMENT for dumped tables
--

--
-- AUTO_INCREMENT for table `applicant_notes`
--
ALTER TABLE `applicant_notes`
  MODIFY `id` int(10) UNSIGNED NOT NULL AUTO_INCREMENT;

--
-- AUTO_INCREMENT for table `application_settings`
--
ALTER TABLE `application_settings`
  MODIFY `id` bigint(20) UNSIGNED NOT NULL AUTO_INCREMENT, AUTO_INCREMENT=2;

--
-- AUTO_INCREMENT for table `application_status`
--
ALTER TABLE `application_status`
  MODIFY `id` int(10) UNSIGNED NOT NULL AUTO_INCREMENT, AUTO_INCREMENT=6;

--
-- AUTO_INCREMENT for table `companies`
--
ALTER TABLE `companies`
  MODIFY `id` int(10) UNSIGNED NOT NULL AUTO_INCREMENT, AUTO_INCREMENT=2;

--
-- AUTO_INCREMENT for table `company_settings`
--
ALTER TABLE `company_settings`
  MODIFY `id` int(10) UNSIGNED NOT NULL AUTO_INCREMENT, AUTO_INCREMENT=2;

--
-- AUTO_INCREMENT for table `countries`
--
ALTER TABLE `countries`
  MODIFY `id` int(10) UNSIGNED NOT NULL AUTO_INCREMENT, AUTO_INCREMENT=246;

--
-- AUTO_INCREMENT for table `departments`
--
ALTER TABLE `departments`
  MODIFY `id` bigint(20) UNSIGNED NOT NULL AUTO_INCREMENT;

--
-- AUTO_INCREMENT for table `designations`
--
ALTER TABLE `designations`
  MODIFY `id` bigint(20) UNSIGNED NOT NULL AUTO_INCREMENT;

--
-- AUTO_INCREMENT for table `documents`
--
ALTER TABLE `documents`
  MODIFY `id` bigint(20) UNSIGNED NOT NULL AUTO_INCREMENT;

--
-- AUTO_INCREMENT for table `footer_settings`
--
ALTER TABLE `footer_settings`
  MODIFY `id` int(10) UNSIGNED NOT NULL AUTO_INCREMENT, AUTO_INCREMENT=3;

--
-- AUTO_INCREMENT for table `interview_schedules`
--
ALTER TABLE `interview_schedules`
  MODIFY `id` int(10) UNSIGNED NOT NULL AUTO_INCREMENT;

--
-- AUTO_INCREMENT for table `interview_schedule_comments`
--
ALTER TABLE `interview_schedule_comments`
  MODIFY `id` int(10) UNSIGNED NOT NULL AUTO_INCREMENT;

--
-- AUTO_INCREMENT for table `interview_schedule_employees`
--
ALTER TABLE `interview_schedule_employees`
  MODIFY `id` int(10) UNSIGNED NOT NULL AUTO_INCREMENT;

--
-- AUTO_INCREMENT for table `jobs`
--
ALTER TABLE `jobs`
  MODIFY `id` int(10) UNSIGNED NOT NULL AUTO_INCREMENT;

--
-- AUTO_INCREMENT for table `job_applications`
--
ALTER TABLE `job_applications`
  MODIFY `id` int(10) UNSIGNED NOT NULL AUTO_INCREMENT;

--
-- AUTO_INCREMENT for table `job_application_answers`
--
ALTER TABLE `job_application_answers`
  MODIFY `id` int(10) UNSIGNED NOT NULL AUTO_INCREMENT;

--
-- AUTO_INCREMENT for table `job_categories`
--
ALTER TABLE `job_categories`
  MODIFY `id` int(10) UNSIGNED NOT NULL AUTO_INCREMENT, AUTO_INCREMENT=2;

--
-- AUTO_INCREMENT for table `job_locations`
--
ALTER TABLE `job_locations`
  MODIFY `id` int(10) UNSIGNED NOT NULL AUTO_INCREMENT;

--
-- AUTO_INCREMENT for table `job_questions`
--
ALTER TABLE `job_questions`
  MODIFY `id` int(10) UNSIGNED NOT NULL AUTO_INCREMENT;

--
-- AUTO_INCREMENT for table `job_skills`
--
ALTER TABLE `job_skills`
  MODIFY `id` int(10) UNSIGNED NOT NULL AUTO_INCREMENT;

--
-- AUTO_INCREMENT for table `language_settings`
--
ALTER TABLE `language_settings`
  MODIFY `id` int(10) UNSIGNED NOT NULL AUTO_INCREMENT, AUTO_INCREMENT=19;

--
-- AUTO_INCREMENT for table `linked_in_settings`
--
ALTER TABLE `linked_in_settings`
  MODIFY `id` int(10) UNSIGNED NOT NULL AUTO_INCREMENT, AUTO_INCREMENT=2;

--
-- AUTO_INCREMENT for table `ltm_translations`
--
ALTER TABLE `ltm_translations`
  MODIFY `id` int(10) UNSIGNED NOT NULL AUTO_INCREMENT;

--
-- AUTO_INCREMENT for table `migrations`
--
ALTER TABLE `migrations`
  MODIFY `id` int(10) UNSIGNED NOT NULL AUTO_INCREMENT, AUTO_INCREMENT=155;

--
-- AUTO_INCREMENT for table `modules`
--
ALTER TABLE `modules`
  MODIFY `id` int(10) UNSIGNED NOT NULL AUTO_INCREMENT, AUTO_INCREMENT=12;

--
-- AUTO_INCREMENT for table `on_board_details`
--
ALTER TABLE `on_board_details`
  MODIFY `id` bigint(20) UNSIGNED NOT NULL AUTO_INCREMENT;

--
-- AUTO_INCREMENT for table `on_board_files`
--
ALTER TABLE `on_board_files`
  MODIFY `id` bigint(20) UNSIGNED NOT NULL AUTO_INCREMENT;

--
-- AUTO_INCREMENT for table `permissions`
--
ALTER TABLE `permissions`
  MODIFY `id` int(10) UNSIGNED NOT NULL AUTO_INCREMENT, AUTO_INCREMENT=38;

--
-- AUTO_INCREMENT for table `questions`
--
ALTER TABLE `questions`
  MODIFY `id` int(10) UNSIGNED NOT NULL AUTO_INCREMENT;

--
-- AUTO_INCREMENT for table `roles`
--
ALTER TABLE `roles`
  MODIFY `id` int(10) UNSIGNED NOT NULL AUTO_INCREMENT, AUTO_INCREMENT=2;

--
-- AUTO_INCREMENT for table `skills`
--
ALTER TABLE `skills`
  MODIFY `id` int(10) UNSIGNED NOT NULL AUTO_INCREMENT;

--
-- AUTO_INCREMENT for table `sms_settings`
--
ALTER TABLE `sms_settings`
  MODIFY `id` bigint(20) UNSIGNED NOT NULL AUTO_INCREMENT, AUTO_INCREMENT=2;

--
-- AUTO_INCREMENT for table `smtp_settings`
--
ALTER TABLE `smtp_settings`
  MODIFY `id` int(10) UNSIGNED NOT NULL AUTO_INCREMENT, AUTO_INCREMENT=2;

--
-- AUTO_INCREMENT for table `sticky_notes`
--
ALTER TABLE `sticky_notes`
  MODIFY `id` int(10) UNSIGNED NOT NULL AUTO_INCREMENT;

--
-- AUTO_INCREMENT for table `tasks`
--
ALTER TABLE `tasks`
  MODIFY `id` int(10) UNSIGNED NOT NULL AUTO_INCREMENT;

--
-- AUTO_INCREMENT for table `theme_settings`
--
ALTER TABLE `theme_settings`
  MODIFY `id` int(10) UNSIGNED NOT NULL AUTO_INCREMENT, AUTO_INCREMENT=2;

--
-- AUTO_INCREMENT for table `todo_items`
--
ALTER TABLE `todo_items`
  MODIFY `id` bigint(20) UNSIGNED NOT NULL AUTO_INCREMENT;

--
-- AUTO_INCREMENT for table `users`
--
ALTER TABLE `users`
  MODIFY `id` int(10) UNSIGNED NOT NULL AUTO_INCREMENT, AUTO_INCREMENT=2;

--
-- Constraints for dumped tables
--

--
-- Constraints for table `applicant_notes`
--
ALTER TABLE `applicant_notes`
  ADD CONSTRAINT `applicant_notes_job_application_id_foreign` FOREIGN KEY (`job_application_id`) REFERENCES `job_applications` (`id`) ON DELETE CASCADE ON UPDATE CASCADE,
  ADD CONSTRAINT `applicant_notes_user_id_foreign` FOREIGN KEY (`user_id`) REFERENCES `users` (`id`) ON DELETE CASCADE ON UPDATE CASCADE;

--
-- Constraints for table `interview_schedules`
--
ALTER TABLE `interview_schedules`
  ADD CONSTRAINT `interview_schedules_job_application_id_foreign` FOREIGN KEY (`job_application_id`) REFERENCES `job_applications` (`id`) ON DELETE CASCADE ON UPDATE CASCADE;

--
-- Constraints for table `interview_schedule_comments`
--
ALTER TABLE `interview_schedule_comments`
  ADD CONSTRAINT `interview_schedule_comments_interview_schedule_id_foreign` FOREIGN KEY (`interview_schedule_id`) REFERENCES `interview_schedules` (`id`) ON DELETE CASCADE ON UPDATE CASCADE,
  ADD CONSTRAINT `interview_schedule_comments_user_id_foreign` FOREIGN KEY (`user_id`) REFERENCES `users` (`id`) ON DELETE CASCADE ON UPDATE CASCADE;

--
-- Constraints for table `interview_schedule_employees`
--
ALTER TABLE `interview_schedule_employees`
  ADD CONSTRAINT `interview_schedule_employees_interview_schedule_id_foreign` FOREIGN KEY (`interview_schedule_id`) REFERENCES `interview_schedules` (`id`) ON DELETE CASCADE ON UPDATE CASCADE,
  ADD CONSTRAINT `interview_schedule_employees_user_id_foreign` FOREIGN KEY (`user_id`) REFERENCES `users` (`id`) ON DELETE CASCADE ON UPDATE CASCADE;

--
-- Constraints for table `jobs`
--
ALTER TABLE `jobs`
  ADD CONSTRAINT `jobs_category_id_foreign` FOREIGN KEY (`category_id`) REFERENCES `job_categories` (`id`) ON DELETE CASCADE ON UPDATE CASCADE,
  ADD CONSTRAINT `jobs_company_id_foreign` FOREIGN KEY (`company_id`) REFERENCES `companies` (`id`) ON DELETE CASCADE ON UPDATE CASCADE,
  ADD CONSTRAINT `jobs_location_id_foreign` FOREIGN KEY (`location_id`) REFERENCES `job_locations` (`id`) ON DELETE CASCADE ON UPDATE CASCADE;

--
-- Constraints for table `job_applications`
--
ALTER TABLE `job_applications`
  ADD CONSTRAINT `job_applications_job_id_foreign` FOREIGN KEY (`job_id`) REFERENCES `jobs` (`id`) ON DELETE CASCADE ON UPDATE CASCADE,
  ADD CONSTRAINT `job_applications_status_id_foreign` FOREIGN KEY (`status_id`) REFERENCES `application_status` (`id`) ON DELETE CASCADE ON UPDATE CASCADE;

--
-- Constraints for table `job_application_answers`
--
ALTER TABLE `job_application_answers`
  ADD CONSTRAINT `job_application_answers_job_application_id_foreign` FOREIGN KEY (`job_application_id`) REFERENCES `job_applications` (`id`) ON DELETE CASCADE ON UPDATE CASCADE,
  ADD CONSTRAINT `job_application_answers_job_id_foreign` FOREIGN KEY (`job_id`) REFERENCES `jobs` (`id`) ON DELETE CASCADE ON UPDATE CASCADE,
  ADD CONSTRAINT `job_application_answers_question_id_foreign` FOREIGN KEY (`question_id`) REFERENCES `questions` (`id`) ON DELETE CASCADE ON UPDATE CASCADE;

--
-- Constraints for table `job_job_application`
--
ALTER TABLE `job_job_application`
  ADD CONSTRAINT `job_job_application_job_application_id_foreign` FOREIGN KEY (`job_application_id`) REFERENCES `job_applications` (`id`) ON DELETE CASCADE ON UPDATE CASCADE,
  ADD CONSTRAINT `job_job_application_job_id_foreign` FOREIGN KEY (`job_id`) REFERENCES `jobs` (`id`) ON DELETE CASCADE ON UPDATE CASCADE;

--
-- Constraints for table `job_locations`
--
ALTER TABLE `job_locations`
  ADD CONSTRAINT `job_locations_country_id_foreign` FOREIGN KEY (`country_id`) REFERENCES `countries` (`id`) ON DELETE CASCADE ON UPDATE CASCADE;

--
-- Constraints for table `job_questions`
--
ALTER TABLE `job_questions`
  ADD CONSTRAINT `job_questions_job_id_foreign` FOREIGN KEY (`job_id`) REFERENCES `jobs` (`id`) ON DELETE CASCADE ON UPDATE CASCADE,
  ADD CONSTRAINT `job_questions_question_id_foreign` FOREIGN KEY (`question_id`) REFERENCES `questions` (`id`) ON DELETE CASCADE ON UPDATE CASCADE;

--
-- Constraints for table `job_skills`
--
ALTER TABLE `job_skills`
  ADD CONSTRAINT `job_skills_job_id_foreign` FOREIGN KEY (`job_id`) REFERENCES `jobs` (`id`) ON DELETE CASCADE ON UPDATE CASCADE,
  ADD CONSTRAINT `job_skills_skill_id_foreign` FOREIGN KEY (`skill_id`) REFERENCES `skills` (`id`) ON DELETE CASCADE ON UPDATE CASCADE;

--
-- Constraints for table `on_board_details`
--
ALTER TABLE `on_board_details`
  ADD CONSTRAINT `on_board_details_department_id_foreign` FOREIGN KEY (`department_id`) REFERENCES `departments` (`id`) ON DELETE CASCADE ON UPDATE CASCADE,
  ADD CONSTRAINT `on_board_details_designation_id_foreign` FOREIGN KEY (`designation_id`) REFERENCES `designations` (`id`) ON DELETE CASCADE ON UPDATE CASCADE,
  ADD CONSTRAINT `on_board_details_job_application_id_foreign` FOREIGN KEY (`job_application_id`) REFERENCES `job_applications` (`id`) ON DELETE CASCADE ON UPDATE CASCADE,
  ADD CONSTRAINT `on_board_details_reports_to_id_foreign` FOREIGN KEY (`reports_to_id`) REFERENCES `users` (`id`) ON DELETE CASCADE ON UPDATE CASCADE;

--
-- Constraints for table `on_board_files`
--
ALTER TABLE `on_board_files`
  ADD CONSTRAINT `on_board_files_on_board_detail_id_foreign` FOREIGN KEY (`on_board_detail_id`) REFERENCES `on_board_details` (`id`) ON DELETE CASCADE ON UPDATE CASCADE;

--
-- Constraints for table `permissions`
--
ALTER TABLE `permissions`
  ADD CONSTRAINT `permissions_module_id_foreign` FOREIGN KEY (`module_id`) REFERENCES `modules` (`id`) ON DELETE CASCADE ON UPDATE CASCADE;

--
-- Constraints for table `permission_role`
--
ALTER TABLE `permission_role`
  ADD CONSTRAINT `permission_role_permission_id_foreign` FOREIGN KEY (`permission_id`) REFERENCES `permissions` (`id`) ON DELETE CASCADE ON UPDATE CASCADE,
  ADD CONSTRAINT `permission_role_role_id_foreign` FOREIGN KEY (`role_id`) REFERENCES `roles` (`id`) ON DELETE CASCADE ON UPDATE CASCADE;

--
-- Constraints for table `role_user`
--
ALTER TABLE `role_user`
  ADD CONSTRAINT `role_user_role_id_foreign` FOREIGN KEY (`role_id`) REFERENCES `roles` (`id`) ON DELETE CASCADE ON UPDATE CASCADE,
  ADD CONSTRAINT `role_user_user_id_foreign` FOREIGN KEY (`user_id`) REFERENCES `users` (`id`) ON DELETE CASCADE ON UPDATE CASCADE;

--
-- Constraints for table `skills`
--
ALTER TABLE `skills`
  ADD CONSTRAINT `skills_category_id_foreign` FOREIGN KEY (`category_id`) REFERENCES `job_categories` (`id`) ON DELETE CASCADE ON UPDATE CASCADE;

--
-- Constraints for table `sticky_notes`
--
ALTER TABLE `sticky_notes`
  ADD CONSTRAINT `sticky_notes_user_id_foreign` FOREIGN KEY (`user_id`) REFERENCES `users` (`id`) ON DELETE CASCADE ON UPDATE CASCADE;

--
-- Constraints for table `tasks`
--
ALTER TABLE `tasks`
  ADD CONSTRAINT `tasks_user_id_foreign` FOREIGN KEY (`user_id`) REFERENCES `users` (`id`) ON DELETE SET NULL ON UPDATE CASCADE;

--
-- Constraints for table `todo_items`
--
ALTER TABLE `todo_items`
  ADD CONSTRAINT `todo_items_user_id_foreign` FOREIGN KEY (`user_id`) REFERENCES `users` (`id`) ON DELETE CASCADE ON UPDATE CASCADE;
COMMIT;

/*!40101 SET CHARACTER_SET_CLIENT=@OLD_CHARACTER_SET_CLIENT */;
/*!40101 SET CHARACTER_SET_RESULTS=@OLD_CHARACTER_SET_RESULTS */;
/*!40101 SET COLLATION_CONNECTION=@OLD_COLLATION_CONNECTION */;
